,0
0,Poor
1,Poor
2,Standard
3,Poor
4,Standard
5,Good
6,Standard
7,Standard
8,Standard
9,Standard
10,Good
11,Standard
12,Standard
13,Standard
14,Poor
15,Good
16,Poor
17,Good
18,Poor
19,Standard
20,Standard
21,Standard
22,Standard
23,Standard
24,Standard
25,Poor
26,Poor
27,Good
28,Standard
29,Standard
30,Good
31,Poor
32,Standard
33,Poor
34,Poor
35,Standard
36,Good
37,Standard
38,Good
39,Poor
40,Poor
41,Standard
42,Standard
43,Standard
44,Poor
45,Standard
46,Standard
47,Good
48,Good
49,Standard
50,Poor
51,Poor
52,Good
53,Standard
54,Standard
55,Poor
56,Poor
57,Standard
58,Poor
59,Good
60,Poor
61,Standard
62,Good
63,Good
64,Good
65,Standard
66,Good
67,Standard
68,Standard
69,Good
70,Poor
71,Poor
72,Standard
73,Good
74,Standard
75,Standard
76,Standard
77,Poor
78,Standard
79,Good
80,Standard
81,Standard
82,Poor
83,Poor
84,Poor
85,Poor
86,Good
87,Standard
88,Standard
89,Poor
90,Standard
91,Good
92,Poor
93,Poor
94,Good
95,Standard
96,Standard
97,Standard
98,Good
99,Poor
100,Poor
101,Poor
102,Standard
103,Standard
104,Standard
105,Poor
106,Poor
107,Standard
108,Poor
109,Standard
110,Poor
111,Standard
112,Standard
113,Good
114,Poor
115,Standard
116,Good
117,Standard
118,Standard
119,Standard
120,Standard
121,Standard
122,Standard
123,Poor
124,Standard
125,Poor
126,Good
127,Poor
128,Poor
129,Poor
130,Good
131,Standard
132,Standard
133,Standard
134,Good
135,Poor
136,Good
137,Poor
138,Standard
139,Poor
140,Standard
141,Poor
142,Poor
143,Standard
144,Poor
145,Poor
146,Standard
147,Standard
148,Standard
149,Good
150,Poor
151,Standard
152,Good
153,Standard
154,Good
155,Poor
156,Good
157,Good
158,Poor
159,Standard
160,Standard
161,Standard
162,Standard
163,Poor
164,Poor
165,Good
166,Poor
167,Good
168,Standard
169,Good
170,Good
171,Standard
172,Standard
173,Poor
174,Good
175,Poor
176,Poor
177,Standard
178,Poor
179,Standard
180,Standard
181,Poor
182,Standard
183,Standard
184,Poor
185,Standard
186,Standard
187,Poor
188,Good
189,Standard
190,Good
191,Standard
192,Standard
193,Good
194,Standard
195,Good
196,Good
197,Good
198,Standard
199,Standard
200,Poor
201,Poor
202,Poor
203,Standard
204,Standard
205,Standard
206,Standard
207,Standard
208,Poor
209,Poor
210,Good
211,Poor
212,Standard
213,Standard
214,Standard
215,Poor
216,Standard
217,Standard
218,Poor
219,Poor
220,Good
221,Poor
222,Standard
223,Standard
224,Standard
225,Poor
226,Good
227,Good
228,Poor
229,Poor
230,Good
231,Standard
232,Good
233,Standard
234,Standard
235,Good
236,Poor
237,Poor
238,Standard
239,Standard
240,Standard
241,Standard
242,Standard
243,Standard
244,Poor
245,Poor
246,Standard
247,Standard
248,Standard
249,Standard
250,Standard
251,Good
252,Good
253,Standard
254,Good
255,Good
256,Standard
257,Poor
258,Good
259,Standard
260,Standard
261,Good
262,Standard
263,Good
264,Good
265,Good
266,Poor
267,Standard
268,Standard
269,Good
270,Good
271,Standard
272,Poor
273,Standard
274,Standard
275,Standard
276,Standard
277,Poor
278,Standard
279,Poor
280,Standard
281,Standard
282,Poor
283,Poor
284,Good
285,Good
286,Standard
287,Standard
288,Poor
289,Standard
290,Good
291,Poor
292,Standard
293,Standard
294,Standard
295,Good
296,Standard
297,Poor
298,Standard
299,Poor
300,Standard
301,Standard
302,Standard
303,Good
304,Good
305,Poor
306,Standard
307,Good
308,Standard
309,Poor
310,Poor
311,Good
312,Good
313,Standard
314,Good
315,Good
316,Standard
317,Standard
318,Poor
319,Standard
320,Good
321,Standard
322,Standard
323,Standard
324,Poor
325,Poor
326,Poor
327,Poor
328,Good
329,Standard
330,Standard
331,Standard
332,Poor
333,Poor
334,Standard
335,Poor
336,Standard
337,Standard
338,Standard
339,Standard
340,Good
341,Standard
342,Standard
343,Standard
344,Standard
345,Standard
346,Poor
347,Poor
348,Poor
349,Standard
350,Standard
351,Good
352,Standard
353,Good
354,Poor
355,Poor
356,Standard
357,Poor
358,Standard
359,Poor
360,Poor
361,Standard
362,Poor
363,Good
364,Good
365,Poor
366,Poor
367,Good
368,Standard
369,Standard
370,Standard
371,Poor
372,Standard
373,Standard
374,Standard
375,Poor
376,Standard
377,Standard
378,Standard
379,Poor
380,Standard
381,Standard
382,Poor
383,Good
384,Standard
385,Poor
386,Poor
387,Poor
388,Good
389,Standard
390,Standard
391,Poor
392,Poor
393,Good
394,Poor
395,Good
396,Good
397,Poor
398,Good
399,Good
400,Standard
401,Standard
402,Poor
403,Standard
404,Standard
405,Good
406,Good
407,Standard
408,Poor
409,Poor
410,Standard
411,Standard
412,Standard
413,Standard
414,Poor
415,Standard
416,Good
417,Standard
418,Good
419,Good
420,Standard
421,Standard
422,Poor
423,Poor
424,Good
425,Standard
426,Standard
427,Good
428,Poor
429,Poor
430,Standard
431,Poor
432,Standard
433,Poor
434,Poor
435,Standard
436,Standard
437,Poor
438,Good
439,Poor
440,Standard
441,Standard
442,Standard
443,Standard
444,Standard
445,Poor
446,Poor
447,Standard
448,Standard
449,Standard
450,Good
451,Poor
452,Standard
453,Good
454,Poor
455,Good
456,Standard
457,Poor
458,Standard
459,Standard
460,Good
461,Standard
462,Poor
463,Standard
464,Standard
465,Standard
466,Poor
467,Poor
468,Standard
469,Poor
470,Poor
471,Poor
472,Poor
473,Poor
474,Standard
475,Good
476,Good
477,Standard
478,Standard
479,Good
480,Good
481,Standard
482,Good
483,Poor
484,Standard
485,Standard
486,Standard
487,Standard
488,Standard
489,Standard
490,Standard
491,Poor
492,Poor
493,Poor
494,Poor
495,Poor
496,Poor
497,Good
498,Standard
499,Good
500,Standard
501,Standard
502,Standard
503,Standard
504,Standard
505,Good
506,Good
507,Standard
508,Standard
509,Good
510,Poor
511,Poor
512,Standard
513,Good
514,Good
515,Standard
516,Standard
517,Standard
518,Standard
519,Standard
520,Standard
521,Poor
522,Good
523,Good
524,Poor
525,Poor
526,Poor
527,Good
528,Standard
529,Standard
530,Good
531,Poor
532,Standard
533,Good
534,Poor
535,Poor
536,Standard
537,Poor
538,Poor
539,Standard
540,Standard
541,Standard
542,Poor
543,Poor
544,Good
545,Poor
546,Poor
547,Standard
548,Poor
549,Standard
550,Standard
551,Standard
552,Poor
553,Good
554,Standard
555,Poor
556,Poor
557,Good
558,Standard
559,Poor
560,Standard
561,Standard
562,Standard
563,Poor
564,Good
565,Standard
566,Good
567,Good
568,Good
569,Standard
570,Standard
571,Good
572,Standard
573,Standard
574,Standard
575,Good
576,Poor
577,Poor
578,Good
579,Standard
580,Good
581,Standard
582,Standard
583,Poor
584,Standard
585,Poor
586,Standard
587,Standard
588,Standard
589,Standard
590,Poor
591,Good
592,Good
593,Standard
594,Standard
595,Poor
596,Poor
597,Standard
598,Poor
599,Good
600,Standard
601,Poor
602,Standard
603,Poor
604,Standard
605,Standard
606,Good
607,Poor
608,Poor
609,Standard
610,Poor
611,Poor
612,Poor
613,Standard
614,Good
615,Standard
616,Poor
617,Standard
618,Good
619,Standard
620,Standard
621,Poor
622,Good
623,Standard
624,Poor
625,Standard
626,Standard
627,Good
628,Poor
629,Poor
630,Standard
631,Poor
632,Standard
633,Poor
634,Standard
635,Poor
636,Poor
637,Standard
638,Poor
639,Standard
640,Good
641,Standard
642,Good
643,Poor
644,Standard
645,Standard
646,Poor
647,Poor
648,Good
649,Poor
650,Poor
651,Standard
652,Standard
653,Standard
654,Standard
655,Standard
656,Poor
657,Good
658,Good
659,Standard
660,Poor
661,Standard
662,Standard
663,Poor
664,Standard
665,Good
666,Poor
667,Poor
668,Standard
669,Poor
670,Poor
671,Poor
672,Poor
673,Standard
674,Poor
675,Good
676,Standard
677,Standard
678,Good
679,Standard
680,Good
681,Standard
682,Standard
683,Standard
684,Poor
685,Poor
686,Poor
687,Good
688,Good
689,Poor
690,Standard
691,Poor
692,Standard
693,Poor
694,Poor
695,Standard
696,Poor
697,Standard
698,Good
699,Poor
700,Poor
701,Poor
702,Poor
703,Good
704,Good
705,Standard
706,Poor
707,Standard
708,Poor
709,Poor
710,Good
711,Poor
712,Good
713,Poor
714,Standard
715,Standard
716,Standard
717,Standard
718,Poor
719,Standard
720,Standard
721,Standard
722,Standard
723,Good
724,Standard
725,Standard
726,Standard
727,Standard
728,Poor
729,Good
730,Standard
731,Standard
732,Standard
733,Standard
734,Poor
735,Poor
736,Poor
737,Standard
738,Standard
739,Good
740,Standard
741,Poor
742,Poor
743,Good
744,Standard
745,Good
746,Poor
747,Poor
748,Good
749,Standard
750,Poor
751,Standard
752,Standard
753,Poor
754,Poor
755,Good
756,Standard
757,Good
758,Poor
759,Poor
760,Standard
761,Standard
762,Standard
763,Standard
764,Good
765,Poor
766,Poor
767,Poor
768,Standard
769,Poor
770,Good
771,Standard
772,Standard
773,Standard
774,Standard
775,Good
776,Standard
777,Good
778,Poor
779,Poor
780,Poor
781,Standard
782,Poor
783,Standard
784,Standard
785,Poor
786,Poor
787,Standard
788,Poor
789,Standard
790,Poor
791,Good
792,Poor
793,Standard
794,Poor
795,Good
796,Standard
797,Standard
798,Poor
799,Good
800,Poor
801,Standard
802,Poor
803,Standard
804,Standard
805,Standard
806,Good
807,Standard
808,Poor
809,Standard
810,Poor
811,Standard
812,Poor
813,Standard
814,Poor
815,Standard
816,Poor
817,Standard
818,Standard
819,Good
820,Standard
821,Good
822,Standard
823,Standard
824,Poor
825,Standard
826,Standard
827,Standard
828,Standard
829,Standard
830,Standard
831,Standard
832,Standard
833,Good
834,Standard
835,Standard
836,Standard
837,Standard
838,Standard
839,Poor
840,Standard
841,Poor
842,Poor
843,Standard
844,Standard
845,Good
846,Good
847,Good
848,Good
849,Standard
850,Good
851,Good
852,Poor
853,Good
854,Poor
855,Standard
856,Poor
857,Standard
858,Standard
859,Poor
860,Good
861,Poor
862,Standard
863,Good
864,Poor
865,Poor
866,Poor
867,Poor
868,Standard
869,Poor
870,Standard
871,Standard
872,Poor
873,Standard
874,Poor
875,Standard
876,Standard
877,Standard
878,Poor
879,Poor
880,Standard
881,Poor
882,Standard
883,Poor
884,Standard
885,Poor
886,Standard
887,Good
888,Poor
889,Good
890,Standard
891,Good
892,Standard
893,Good
894,Poor
895,Poor
896,Poor
897,Poor
898,Poor
899,Standard
900,Standard
901,Poor
902,Poor
903,Standard
904,Poor
905,Standard
906,Standard
907,Good
908,Standard
909,Standard
910,Good
911,Poor
912,Standard
913,Good
914,Standard
915,Standard
916,Good
917,Standard
918,Good
919,Poor
920,Good
921,Standard
922,Poor
923,Poor
924,Standard
925,Standard
926,Standard
927,Good
928,Standard
929,Standard
930,Good
931,Standard
932,Standard
933,Good
934,Poor
935,Good
936,Standard
937,Good
938,Standard
939,Standard
940,Good
941,Poor
942,Standard
943,Poor
944,Poor
945,Poor
946,Poor
947,Poor
948,Standard
949,Standard
950,Poor
951,Good
952,Poor
953,Good
954,Poor
955,Standard
956,Poor
957,Good
958,Standard
959,Poor
960,Good
961,Good
962,Standard
963,Standard
964,Poor
965,Poor
966,Good
967,Standard
968,Standard
969,Good
970,Standard
971,Poor
972,Standard
973,Standard
974,Poor
975,Standard
976,Poor
977,Poor
978,Standard
979,Poor
980,Standard
981,Standard
982,Standard
983,Good
984,Poor
985,Standard
986,Standard
987,Good
988,Good
989,Poor
990,Standard
991,Standard
992,Standard
993,Standard
994,Standard
995,Standard
996,Good
997,Standard
998,Standard
999,Good
1000,Poor
1001,Poor
1002,Poor
1003,Poor
1004,Standard
1005,Standard
1006,Standard
1007,Poor
1008,Standard
1009,Standard
1010,Standard
1011,Poor
1012,Standard
1013,Good
1014,Poor
1015,Standard
1016,Poor
1017,Good
1018,Standard
1019,Poor
1020,Standard
1021,Good
1022,Poor
1023,Good
1024,Standard
1025,Good
1026,Poor
1027,Good
1028,Poor
1029,Standard
1030,Standard
1031,Poor
1032,Good
1033,Standard
1034,Standard
1035,Poor
1036,Standard
1037,Good
1038,Poor
1039,Standard
1040,Good
1041,Standard
1042,Standard
1043,Standard
1044,Good
1045,Standard
1046,Standard
1047,Standard
1048,Standard
1049,Standard
1050,Standard
1051,Good
1052,Standard
1053,Poor
1054,Standard
1055,Standard
1056,Standard
1057,Standard
1058,Standard
1059,Poor
1060,Poor
1061,Poor
1062,Poor
1063,Standard
1064,Poor
1065,Poor
1066,Standard
1067,Standard
1068,Poor
1069,Standard
1070,Standard
1071,Standard
1072,Poor
1073,Standard
1074,Good
1075,Standard
1076,Standard
1077,Poor
1078,Poor
1079,Poor
1080,Poor
1081,Poor
1082,Standard
1083,Good
1084,Poor
1085,Poor
1086,Standard
1087,Poor
1088,Standard
1089,Standard
1090,Standard
1091,Standard
1092,Good
1093,Good
1094,Standard
1095,Standard
1096,Good
1097,Standard
1098,Standard
1099,Good
1100,Standard
1101,Standard
1102,Good
1103,Poor
1104,Good
1105,Good
1106,Good
1107,Good
1108,Good
1109,Good
1110,Good
1111,Standard
1112,Standard
1113,Standard
1114,Standard
1115,Standard
1116,Poor
1117,Standard
1118,Standard
1119,Good
1120,Standard
1121,Standard
1122,Standard
1123,Standard
1124,Poor
1125,Good
1126,Standard
1127,Standard
1128,Standard
1129,Poor
1130,Standard
1131,Good
1132,Poor
1133,Poor
1134,Poor
1135,Standard
1136,Poor
1137,Standard
1138,Good
1139,Good
1140,Standard
1141,Good
1142,Good
1143,Poor
1144,Poor
1145,Standard
1146,Poor
1147,Good
1148,Poor
1149,Standard
1150,Good
1151,Standard
1152,Good
1153,Standard
1154,Good
1155,Poor
1156,Good
1157,Standard
1158,Standard
1159,Poor
1160,Good
1161,Standard
1162,Poor
1163,Standard
1164,Poor
1165,Poor
1166,Standard
1167,Poor
1168,Poor
1169,Poor
1170,Good
1171,Poor
1172,Poor
1173,Standard
1174,Standard
1175,Poor
1176,Standard
1177,Good
1178,Good
1179,Good
1180,Good
1181,Good
1182,Poor
1183,Standard
1184,Poor
1185,Poor
1186,Standard
1187,Good
1188,Standard
1189,Standard
1190,Good
1191,Poor
1192,Poor
1193,Standard
1194,Good
1195,Good
1196,Good
1197,Standard
1198,Standard
1199,Standard
1200,Poor
1201,Poor
1202,Good
1203,Standard
1204,Good
1205,Standard
1206,Poor
1207,Good
1208,Poor
1209,Poor
1210,Standard
1211,Good
1212,Poor
1213,Good
1214,Standard
1215,Good
1216,Good
1217,Standard
1218,Poor
1219,Good
1220,Good
1221,Good
1222,Good
1223,Poor
1224,Poor
1225,Standard
1226,Standard
1227,Good
1228,Poor
1229,Standard
1230,Standard
1231,Good
1232,Good
1233,Good
1234,Standard
1235,Poor
1236,Good
1237,Poor
1238,Poor
1239,Standard
1240,Poor
1241,Poor
1242,Good
1243,Poor
1244,Poor
1245,Standard
1246,Poor
1247,Good
1248,Standard
1249,Standard
1250,Poor
1251,Good
1252,Standard
1253,Good
1254,Good
1255,Poor
1256,Good
1257,Standard
1258,Good
1259,Standard
1260,Poor
1261,Good
1262,Poor
1263,Poor
1264,Standard
1265,Poor
1266,Standard
1267,Standard
1268,Standard
1269,Standard
1270,Standard
1271,Poor
1272,Standard
1273,Standard
1274,Poor
1275,Standard
1276,Standard
1277,Standard
1278,Standard
1279,Good
1280,Poor
1281,Standard
1282,Good
1283,Poor
1284,Standard
1285,Good
1286,Poor
1287,Good
1288,Good
1289,Standard
1290,Good
1291,Standard
1292,Poor
1293,Good
1294,Poor
1295,Standard
1296,Poor
1297,Standard
1298,Standard
1299,Poor
1300,Poor
1301,Standard
1302,Poor
1303,Standard
1304,Standard
1305,Standard
1306,Standard
1307,Standard
1308,Poor
1309,Poor
1310,Poor
1311,Standard
1312,Standard
1313,Standard
1314,Good
1315,Poor
1316,Standard
1317,Standard
1318,Standard
1319,Poor
1320,Standard
1321,Poor
1322,Standard
1323,Poor
1324,Poor
1325,Poor
1326,Standard
1327,Standard
1328,Standard
1329,Standard
1330,Standard
1331,Standard
1332,Standard
1333,Standard
1334,Standard
1335,Standard
1336,Poor
1337,Poor
1338,Standard
1339,Standard
1340,Standard
1341,Poor
1342,Poor
1343,Good
1344,Standard
1345,Poor
1346,Good
1347,Standard
1348,Poor
1349,Standard
1350,Poor
1351,Poor
1352,Standard
1353,Poor
1354,Standard
1355,Poor
1356,Poor
1357,Standard
1358,Standard
1359,Good
1360,Poor
1361,Standard
1362,Standard
1363,Good
1364,Poor
1365,Poor
1366,Standard
1367,Standard
1368,Standard
1369,Poor
1370,Good
1371,Standard
1372,Standard
1373,Poor
1374,Standard
1375,Standard
1376,Standard
1377,Standard
1378,Good
1379,Good
1380,Poor
1381,Standard
1382,Standard
1383,Poor
1384,Poor
1385,Good
1386,Standard
1387,Poor
1388,Good
1389,Poor
1390,Standard
1391,Standard
1392,Standard
1393,Poor
1394,Standard
1395,Standard
1396,Good
1397,Standard
1398,Poor
1399,Standard
1400,Poor
1401,Poor
1402,Standard
1403,Standard
1404,Poor
1405,Poor
1406,Standard
1407,Poor
1408,Good
1409,Standard
1410,Standard
1411,Standard
1412,Poor
1413,Standard
1414,Poor
1415,Good
1416,Good
1417,Standard
1418,Standard
1419,Poor
1420,Poor
1421,Poor
1422,Poor
1423,Standard
1424,Poor
1425,Poor
1426,Good
1427,Standard
1428,Poor
1429,Poor
1430,Poor
1431,Poor
1432,Standard
1433,Standard
1434,Poor
1435,Poor
1436,Poor
1437,Poor
1438,Standard
1439,Good
1440,Good
1441,Standard
1442,Poor
1443,Standard
1444,Poor
1445,Poor
1446,Good
1447,Standard
1448,Poor
1449,Poor
1450,Good
1451,Poor
1452,Standard
1453,Standard
1454,Good
1455,Poor
1456,Poor
1457,Good
1458,Standard
1459,Standard
1460,Standard
1461,Good
1462,Standard
1463,Standard
1464,Poor
1465,Good
1466,Standard
1467,Standard
1468,Standard
1469,Standard
1470,Standard
1471,Standard
1472,Poor
1473,Standard
1474,Poor
1475,Standard
1476,Standard
1477,Standard
1478,Standard
1479,Good
1480,Good
1481,Poor
1482,Standard
1483,Poor
1484,Poor
1485,Standard
1486,Good
1487,Good
1488,Standard
1489,Standard
1490,Standard
1491,Poor
1492,Standard
1493,Standard
1494,Poor
1495,Poor
1496,Poor
1497,Poor
1498,Poor
1499,Standard
1500,Good
1501,Poor
1502,Standard
1503,Standard
1504,Poor
1505,Good
1506,Poor
1507,Poor
1508,Standard
1509,Poor
1510,Good
1511,Poor
1512,Standard
1513,Poor
1514,Poor
1515,Standard
1516,Standard
1517,Poor
1518,Poor
1519,Standard
1520,Standard
1521,Poor
1522,Good
1523,Standard
1524,Poor
1525,Poor
1526,Standard
1527,Poor
1528,Standard
1529,Poor
1530,Standard
1531,Poor
1532,Poor
1533,Poor
1534,Good
1535,Standard
1536,Standard
1537,Good
1538,Standard
1539,Poor
1540,Good
1541,Standard
1542,Standard
1543,Poor
1544,Standard
1545,Poor
1546,Standard
1547,Good
1548,Standard
1549,Poor
1550,Standard
1551,Good
1552,Standard
1553,Standard
1554,Poor
1555,Poor
1556,Good
1557,Standard
1558,Poor
1559,Poor
1560,Standard
1561,Good
1562,Standard
1563,Good
1564,Standard
1565,Poor
1566,Poor
1567,Poor
1568,Poor
1569,Good
1570,Standard
1571,Standard
1572,Standard
1573,Good
1574,Standard
1575,Standard
1576,Standard
1577,Standard
1578,Good
1579,Good
1580,Poor
1581,Standard
1582,Standard
1583,Standard
1584,Poor
1585,Poor
1586,Poor
1587,Standard
1588,Standard
1589,Good
1590,Poor
1591,Poor
1592,Good
1593,Good
1594,Poor
1595,Standard
1596,Poor
1597,Poor
1598,Standard
1599,Standard
1600,Standard
1601,Standard
1602,Poor
1603,Good
1604,Standard
1605,Good
1606,Poor
1607,Standard
1608,Standard
1609,Standard
1610,Standard
1611,Good
1612,Standard
1613,Good
1614,Standard
1615,Poor
1616,Poor
1617,Standard
1618,Good
1619,Standard
1620,Standard
1621,Poor
1622,Standard
1623,Good
1624,Good
1625,Poor
1626,Standard
1627,Standard
1628,Good
1629,Standard
1630,Good
1631,Good
1632,Standard
1633,Standard
1634,Standard
1635,Standard
1636,Standard
1637,Standard
1638,Standard
1639,Poor
1640,Good
1641,Poor
1642,Standard
1643,Poor
1644,Good
1645,Poor
1646,Standard
1647,Standard
1648,Poor
1649,Standard
1650,Good
1651,Standard
1652,Standard
1653,Standard
1654,Good
1655,Standard
1656,Standard
1657,Standard
1658,Poor
1659,Standard
1660,Standard
1661,Good
1662,Poor
1663,Poor
1664,Standard
1665,Standard
1666,Poor
1667,Poor
1668,Standard
1669,Poor
1670,Standard
1671,Good
1672,Standard
1673,Standard
1674,Good
1675,Poor
1676,Good
1677,Poor
1678,Poor
1679,Standard
1680,Good
1681,Poor
1682,Good
1683,Standard
1684,Poor
1685,Standard
1686,Poor
1687,Poor
1688,Standard
1689,Good
1690,Good
1691,Standard
1692,Good
1693,Poor
1694,Standard
1695,Good
1696,Poor
1697,Poor
1698,Standard
1699,Poor
1700,Standard
1701,Standard
1702,Standard
1703,Poor
1704,Poor
1705,Poor
1706,Standard
1707,Standard
1708,Standard
1709,Good
1710,Standard
1711,Standard
1712,Good
1713,Poor
1714,Poor
1715,Good
1716,Good
1717,Poor
1718,Poor
1719,Standard
1720,Good
1721,Poor
1722,Good
1723,Standard
1724,Poor
1725,Poor
1726,Standard
1727,Poor
1728,Good
1729,Standard
1730,Poor
1731,Standard
1732,Standard
1733,Good
1734,Poor
1735,Good
1736,Poor
1737,Poor
1738,Poor
1739,Poor
1740,Good
1741,Standard
1742,Standard
1743,Standard
1744,Poor
1745,Good
1746,Standard
1747,Poor
1748,Standard
1749,Poor
1750,Standard
1751,Good
1752,Poor
1753,Poor
1754,Standard
1755,Good
1756,Standard
1757,Poor
1758,Poor
1759,Good
1760,Standard
1761,Poor
1762,Standard
1763,Standard
1764,Standard
1765,Poor
1766,Poor
1767,Standard
1768,Standard
1769,Poor
1770,Poor
1771,Good
1772,Good
1773,Poor
1774,Poor
1775,Standard
1776,Standard
1777,Standard
1778,Standard
1779,Standard
1780,Good
1781,Standard
1782,Good
1783,Standard
1784,Standard
1785,Good
1786,Standard
1787,Good
1788,Standard
1789,Standard
1790,Standard
1791,Standard
1792,Good
1793,Standard
1794,Standard
1795,Standard
1796,Standard
1797,Poor
1798,Standard
1799,Standard
1800,Standard
1801,Standard
1802,Standard
1803,Poor
1804,Standard
1805,Poor
1806,Good
1807,Standard
1808,Standard
1809,Good
1810,Standard
1811,Standard
1812,Good
1813,Standard
1814,Poor
1815,Standard
1816,Standard
1817,Good
1818,Standard
1819,Poor
1820,Standard
1821,Poor
1822,Poor
1823,Standard
1824,Poor
1825,Poor
1826,Good
1827,Standard
1828,Standard
1829,Standard
1830,Standard
1831,Standard
1832,Standard
1833,Standard
1834,Poor
1835,Standard
1836,Poor
1837,Standard
1838,Standard
1839,Standard
1840,Poor
1841,Poor
1842,Good
1843,Poor
1844,Standard
1845,Good
1846,Poor
1847,Standard
1848,Poor
1849,Poor
1850,Standard
1851,Standard
1852,Poor
1853,Standard
1854,Poor
1855,Good
1856,Good
1857,Poor
1858,Good
1859,Poor
1860,Standard
1861,Poor
1862,Good
1863,Standard
1864,Standard
1865,Standard
1866,Standard
1867,Poor
1868,Poor
1869,Standard
1870,Good
1871,Standard
1872,Poor
1873,Standard
1874,Poor
1875,Poor
1876,Poor
1877,Standard
1878,Poor
1879,Good
1880,Good
1881,Poor
1882,Poor
1883,Poor
1884,Good
1885,Good
1886,Standard
1887,Standard
1888,Poor
1889,Poor
1890,Poor
1891,Poor
1892,Good
1893,Standard
1894,Standard
1895,Good
1896,Poor
1897,Poor
1898,Poor
1899,Good
1900,Standard
1901,Poor
1902,Standard
1903,Good
1904,Standard
1905,Standard
1906,Standard
1907,Standard
1908,Standard
1909,Good
1910,Standard
1911,Good
1912,Poor
1913,Good
1914,Poor
1915,Standard
1916,Good
1917,Poor
1918,Good
1919,Poor
1920,Poor
1921,Good
1922,Standard
1923,Poor
1924,Standard
1925,Poor
1926,Standard
1927,Standard
1928,Standard
1929,Poor
1930,Poor
1931,Standard
1932,Good
1933,Standard
1934,Poor
1935,Standard
1936,Standard
1937,Standard
1938,Standard
1939,Poor
1940,Poor
1941,Standard
1942,Poor
1943,Good
1944,Good
1945,Standard
1946,Poor
1947,Poor
1948,Standard
1949,Poor
1950,Standard
1951,Standard
1952,Good
1953,Poor
1954,Good
1955,Poor
1956,Standard
1957,Standard
1958,Good
1959,Poor
1960,Good
1961,Poor
1962,Good
1963,Good
1964,Poor
1965,Poor
1966,Standard
1967,Standard
1968,Standard
1969,Good
1970,Good
1971,Poor
1972,Standard
1973,Poor
1974,Standard
1975,Standard
1976,Standard
1977,Standard
1978,Standard
1979,Poor
1980,Good
1981,Poor
1982,Standard
1983,Standard
1984,Standard
1985,Standard
1986,Standard
1987,Standard
1988,Standard
1989,Good
1990,Good
1991,Good
1992,Good
1993,Standard
1994,Poor
1995,Poor
1996,Poor
1997,Standard
1998,Poor
1999,Standard
2000,Standard
2001,Poor
2002,Poor
2003,Good
2004,Poor
2005,Poor
2006,Good
2007,Standard
2008,Standard
2009,Poor
2010,Standard
2011,Poor
2012,Standard
2013,Good
2014,Standard
2015,Good
2016,Standard
2017,Poor
2018,Standard
2019,Standard
2020,Standard
2021,Poor
2022,Standard
2023,Poor
2024,Standard
2025,Standard
2026,Good
2027,Poor
2028,Poor
2029,Standard
2030,Standard
2031,Standard
2032,Standard
2033,Standard
2034,Good
2035,Good
2036,Standard
2037,Standard
2038,Poor
2039,Poor
2040,Standard
2041,Standard
2042,Standard
2043,Poor
2044,Standard
2045,Poor
2046,Poor
2047,Standard
2048,Poor
2049,Poor
2050,Standard
2051,Poor
2052,Standard
2053,Standard
2054,Poor
2055,Standard
2056,Standard
2057,Standard
2058,Standard
2059,Standard
2060,Standard
2061,Good
2062,Poor
2063,Good
2064,Poor
2065,Standard
2066,Poor
2067,Poor
2068,Standard
2069,Standard
2070,Standard
2071,Standard
2072,Poor
2073,Poor
2074,Poor
2075,Good
2076,Poor
2077,Standard
2078,Standard
2079,Good
2080,Standard
2081,Good
2082,Standard
2083,Poor
2084,Poor
2085,Standard
2086,Standard
2087,Standard
2088,Poor
2089,Poor
2090,Poor
2091,Standard
2092,Standard
2093,Poor
2094,Standard
2095,Poor
2096,Poor
2097,Good
2098,Standard
2099,Good
2100,Standard
2101,Good
2102,Standard
2103,Good
2104,Standard
2105,Poor
2106,Standard
2107,Good
2108,Standard
2109,Standard
2110,Standard
2111,Poor
2112,Standard
2113,Standard
2114,Standard
2115,Poor
2116,Standard
2117,Good
2118,Standard
2119,Poor
2120,Standard
2121,Standard
2122,Good
2123,Poor
2124,Poor
2125,Poor
2126,Poor
2127,Poor
2128,Poor
2129,Standard
2130,Standard
2131,Standard
2132,Standard
2133,Standard
2134,Good
2135,Good
2136,Good
2137,Good
2138,Standard
2139,Standard
2140,Standard
2141,Standard
2142,Standard
2143,Standard
2144,Standard
2145,Poor
2146,Standard
2147,Poor
2148,Good
2149,Good
2150,Standard
2151,Good
2152,Standard
2153,Standard
2154,Poor
2155,Poor
2156,Good
2157,Poor
2158,Poor
2159,Poor
2160,Standard
2161,Standard
2162,Poor
2163,Standard
2164,Poor
2165,Standard
2166,Good
2167,Standard
2168,Poor
2169,Poor
2170,Good
2171,Poor
2172,Standard
2173,Good
2174,Good
2175,Standard
2176,Poor
2177,Standard
2178,Standard
2179,Standard
2180,Poor
2181,Standard
2182,Standard
2183,Standard
2184,Standard
2185,Standard
2186,Standard
2187,Standard
2188,Standard
2189,Poor
2190,Standard
2191,Poor
2192,Standard
2193,Standard
2194,Poor
2195,Poor
2196,Standard
2197,Poor
2198,Standard
2199,Standard
2200,Poor
2201,Poor
2202,Good
2203,Standard
2204,Good
2205,Poor
2206,Standard
2207,Standard
2208,Standard
2209,Poor
2210,Standard
2211,Standard
2212,Standard
2213,Standard
2214,Standard
2215,Poor
2216,Standard
2217,Standard
2218,Standard
2219,Standard
2220,Good
2221,Standard
2222,Standard
2223,Good
2224,Standard
2225,Poor
2226,Standard
2227,Standard
2228,Poor
2229,Good
2230,Good
2231,Standard
2232,Standard
2233,Good
2234,Poor
2235,Good
2236,Standard
2237,Poor
2238,Standard
2239,Standard
2240,Standard
2241,Standard
2242,Standard
2243,Standard
2244,Poor
2245,Standard
2246,Standard
2247,Standard
2248,Poor
2249,Standard
2250,Standard
2251,Poor
2252,Poor
2253,Poor
2254,Standard
2255,Standard
2256,Good
2257,Standard
2258,Standard
2259,Poor
2260,Good
2261,Poor
2262,Standard
2263,Poor
2264,Standard
2265,Standard
2266,Good
2267,Standard
2268,Poor
2269,Standard
2270,Standard
2271,Poor
2272,Standard
2273,Poor
2274,Poor
2275,Standard
2276,Standard
2277,Standard
2278,Good
2279,Good
2280,Standard
2281,Standard
2282,Standard
2283,Poor
2284,Poor
2285,Standard
2286,Good
2287,Poor
2288,Poor
2289,Good
2290,Standard
2291,Standard
2292,Good
2293,Poor
2294,Good
2295,Standard
2296,Poor
2297,Poor
2298,Standard
2299,Good
2300,Standard
2301,Standard
2302,Standard
2303,Standard
2304,Good
2305,Poor
2306,Poor
2307,Standard
2308,Standard
2309,Standard
2310,Poor
2311,Standard
2312,Standard
2313,Standard
2314,Standard
2315,Standard
2316,Standard
2317,Standard
2318,Standard
2319,Poor
2320,Poor
2321,Poor
2322,Standard
2323,Poor
2324,Poor
2325,Standard
2326,Standard
2327,Poor
2328,Standard
2329,Standard
2330,Poor
2331,Good
2332,Good
2333,Good
2334,Poor
2335,Good
2336,Good
2337,Standard
2338,Good
2339,Standard
2340,Poor
2341,Good
2342,Standard
2343,Poor
2344,Good
2345,Standard
2346,Standard
2347,Good
2348,Standard
2349,Standard
2350,Good
2351,Standard
2352,Good
2353,Poor
2354,Poor
2355,Standard
2356,Standard
2357,Good
2358,Poor
2359,Standard
2360,Good
2361,Poor
2362,Standard
2363,Standard
2364,Poor
2365,Standard
2366,Poor
2367,Poor
2368,Poor
2369,Good
2370,Standard
2371,Poor
2372,Standard
2373,Poor
2374,Standard
2375,Good
2376,Standard
2377,Standard
2378,Poor
2379,Standard
2380,Standard
2381,Standard
2382,Poor
2383,Good
2384,Poor
2385,Standard
2386,Poor
2387,Standard
2388,Standard
2389,Poor
2390,Poor
2391,Standard
2392,Poor
2393,Standard
2394,Good
2395,Poor
2396,Standard
2397,Standard
2398,Good
2399,Poor
2400,Standard
2401,Good
2402,Standard
2403,Standard
2404,Standard
2405,Standard
2406,Poor
2407,Poor
2408,Standard
2409,Poor
2410,Standard
2411,Standard
2412,Good
2413,Poor
2414,Standard
2415,Good
2416,Standard
2417,Good
2418,Poor
2419,Standard
2420,Standard
2421,Standard
2422,Standard
2423,Standard
2424,Standard
2425,Standard
2426,Good
2427,Good
2428,Poor
2429,Standard
2430,Good
2431,Good
2432,Poor
2433,Standard
2434,Standard
2435,Standard
2436,Standard
2437,Standard
2438,Poor
2439,Good
2440,Good
2441,Poor
2442,Standard
2443,Good
2444,Poor
2445,Good
2446,Standard
2447,Standard
2448,Good
2449,Poor
2450,Standard
2451,Poor
2452,Standard
2453,Good
2454,Poor
2455,Standard
2456,Good
2457,Poor
2458,Poor
2459,Standard
2460,Standard
2461,Standard
2462,Standard
2463,Poor
2464,Standard
2465,Standard
2466,Standard
2467,Poor
2468,Good
2469,Standard
2470,Standard
2471,Good
2472,Standard
2473,Good
2474,Standard
2475,Poor
2476,Standard
2477,Standard
2478,Good
2479,Poor
2480,Standard
2481,Standard
2482,Poor
2483,Standard
2484,Poor
2485,Standard
2486,Standard
2487,Good
2488,Standard
2489,Poor
2490,Standard
2491,Standard
2492,Standard
2493,Good
2494,Good
2495,Good
2496,Good
2497,Good
2498,Poor
2499,Standard
2500,Good
2501,Poor
2502,Poor
2503,Standard
2504,Standard
2505,Poor
2506,Standard
2507,Good
2508,Good
2509,Standard
2510,Good
2511,Standard
2512,Standard
2513,Standard
2514,Standard
2515,Standard
2516,Standard
2517,Good
2518,Poor
2519,Poor
2520,Standard
2521,Poor
2522,Good
2523,Good
2524,Good
2525,Standard
2526,Standard
2527,Good
2528,Poor
2529,Poor
2530,Standard
2531,Good
2532,Poor
2533,Poor
2534,Standard
2535,Good
2536,Standard
2537,Standard
2538,Standard
2539,Good
2540,Poor
2541,Standard
2542,Standard
2543,Good
2544,Standard
2545,Standard
2546,Poor
2547,Poor
2548,Good
2549,Standard
2550,Good
2551,Standard
2552,Poor
2553,Poor
2554,Standard
2555,Poor
2556,Standard
2557,Good
2558,Poor
2559,Standard
2560,Standard
2561,Standard
2562,Good
2563,Standard
2564,Good
2565,Poor
2566,Standard
2567,Standard
2568,Poor
2569,Standard
2570,Standard
2571,Good
2572,Good
2573,Standard
2574,Poor
2575,Standard
2576,Standard
2577,Standard
2578,Good
2579,Poor
2580,Standard
2581,Good
2582,Poor
2583,Standard
2584,Standard
2585,Standard
2586,Standard
2587,Standard
2588,Standard
2589,Poor
2590,Standard
2591,Standard
2592,Poor
2593,Standard
2594,Standard
2595,Standard
2596,Poor
2597,Poor
2598,Standard
2599,Standard
2600,Poor
2601,Poor
2602,Standard
2603,Poor
2604,Poor
2605,Good
2606,Poor
2607,Standard
2608,Good
2609,Standard
2610,Poor
2611,Standard
2612,Standard
2613,Good
2614,Poor
2615,Good
2616,Good
2617,Good
2618,Poor
2619,Poor
2620,Good
2621,Good
2622,Good
2623,Poor
2624,Standard
2625,Good
2626,Standard
2627,Standard
2628,Good
2629,Poor
2630,Standard
2631,Poor
2632,Poor
2633,Poor
2634,Good
2635,Standard
2636,Good
2637,Poor
2638,Good
2639,Good
2640,Good
2641,Standard
2642,Standard
2643,Standard
2644,Standard
2645,Standard
2646,Good
2647,Standard
2648,Good
2649,Standard
2650,Good
2651,Standard
2652,Good
2653,Standard
2654,Poor
2655,Standard
2656,Poor
2657,Good
2658,Standard
2659,Poor
2660,Good
2661,Good
2662,Standard
2663,Standard
2664,Standard
2665,Standard
2666,Poor
2667,Poor
2668,Poor
2669,Poor
2670,Good
2671,Standard
2672,Standard
2673,Poor
2674,Poor
2675,Poor
2676,Good
2677,Poor
2678,Poor
2679,Poor
2680,Standard
2681,Poor
2682,Poor
2683,Good
2684,Poor
2685,Standard
2686,Standard
2687,Poor
2688,Standard
2689,Standard
2690,Standard
2691,Standard
2692,Standard
2693,Standard
2694,Standard
2695,Standard
2696,Standard
2697,Standard
2698,Poor
2699,Good
2700,Standard
2701,Good
2702,Poor
2703,Good
2704,Standard
2705,Poor
2706,Good
2707,Poor
2708,Standard
2709,Poor
2710,Good
2711,Standard
2712,Standard
2713,Good
2714,Standard
2715,Standard
2716,Standard
2717,Standard
2718,Poor
2719,Poor
2720,Good
2721,Good
2722,Good
2723,Good
2724,Standard
2725,Standard
2726,Poor
2727,Poor
2728,Standard
2729,Good
2730,Standard
2731,Standard
2732,Standard
2733,Good
2734,Poor
2735,Poor
2736,Standard
2737,Good
2738,Poor
2739,Standard
2740,Standard
2741,Standard
2742,Standard
2743,Standard
2744,Standard
2745,Standard
2746,Poor
2747,Standard
2748,Standard
2749,Standard
2750,Poor
2751,Good
2752,Standard
2753,Good
2754,Poor
2755,Poor
2756,Standard
2757,Good
2758,Poor
2759,Standard
2760,Good
2761,Standard
2762,Standard
2763,Standard
2764,Standard
2765,Standard
2766,Standard
2767,Poor
2768,Standard
2769,Good
2770,Poor
2771,Poor
2772,Good
2773,Good
2774,Good
2775,Standard
2776,Standard
2777,Poor
2778,Good
2779,Standard
2780,Standard
2781,Poor
2782,Good
2783,Standard
2784,Standard
2785,Poor
2786,Standard
2787,Standard
2788,Standard
2789,Standard
2790,Poor
2791,Standard
2792,Good
2793,Good
2794,Standard
2795,Standard
2796,Standard
2797,Standard
2798,Poor
2799,Standard
2800,Standard
2801,Standard
2802,Standard
2803,Standard
2804,Standard
2805,Poor
2806,Good
2807,Good
2808,Poor
2809,Standard
2810,Standard
2811,Standard
2812,Poor
2813,Poor
2814,Poor
2815,Standard
2816,Standard
2817,Good
2818,Good
2819,Poor
2820,Poor
2821,Poor
2822,Standard
2823,Good
2824,Poor
2825,Standard
2826,Standard
2827,Good
2828,Standard
2829,Good
2830,Standard
2831,Standard
2832,Good
2833,Good
2834,Standard
2835,Poor
2836,Poor
2837,Good
2838,Good
2839,Standard
2840,Poor
2841,Standard
2842,Poor
2843,Good
2844,Poor
2845,Standard
2846,Poor
2847,Good
2848,Standard
2849,Standard
2850,Standard
2851,Standard
2852,Standard
2853,Standard
2854,Poor
2855,Good
2856,Standard
2857,Good
2858,Standard
2859,Standard
2860,Poor
2861,Good
2862,Standard
2863,Good
2864,Poor
2865,Standard
2866,Standard
2867,Poor
2868,Standard
2869,Good
2870,Poor
2871,Good
2872,Good
2873,Standard
2874,Standard
2875,Good
2876,Poor
2877,Poor
2878,Standard
2879,Good
2880,Poor
2881,Poor
2882,Good
2883,Good
2884,Standard
2885,Standard
2886,Poor
2887,Poor
2888,Good
2889,Poor
2890,Standard
2891,Good
2892,Standard
2893,Standard
2894,Standard
2895,Standard
2896,Poor
2897,Standard
2898,Standard
2899,Poor
2900,Good
2901,Standard
2902,Good
2903,Good
2904,Poor
2905,Standard
2906,Standard
2907,Poor
2908,Standard
2909,Poor
2910,Poor
2911,Standard
2912,Standard
2913,Standard
2914,Standard
2915,Good
2916,Good
2917,Standard
2918,Standard
2919,Poor
2920,Standard
2921,Good
2922,Standard
2923,Standard
2924,Standard
2925,Poor
2926,Good
2927,Poor
2928,Good
2929,Standard
2930,Standard
2931,Poor
2932,Poor
2933,Standard
2934,Poor
2935,Good
2936,Poor
2937,Poor
2938,Standard
2939,Standard
2940,Poor
2941,Standard
2942,Good
2943,Standard
2944,Good
2945,Standard
2946,Standard
2947,Poor
2948,Standard
2949,Standard
2950,Good
2951,Poor
2952,Good
2953,Good
2954,Standard
2955,Good
2956,Standard
2957,Standard
2958,Standard
2959,Standard
2960,Standard
2961,Poor
2962,Poor
2963,Standard
2964,Good
2965,Poor
2966,Good
2967,Standard
2968,Standard
2969,Standard
2970,Poor
2971,Standard
2972,Standard
2973,Good
2974,Good
2975,Standard
2976,Good
2977,Poor
2978,Poor
2979,Standard
2980,Poor
2981,Poor
2982,Standard
2983,Poor
2984,Poor
2985,Standard
2986,Good
2987,Poor
2988,Standard
2989,Good
2990,Poor
2991,Poor
2992,Good
2993,Poor
2994,Standard
2995,Poor
2996,Poor
2997,Standard
2998,Standard
2999,Good
3000,Poor
3001,Good
3002,Good
3003,Poor
3004,Standard
3005,Good
3006,Poor
3007,Good
3008,Good
3009,Standard
3010,Poor
3011,Poor
3012,Standard
3013,Good
3014,Good
3015,Poor
3016,Good
3017,Standard
3018,Standard
3019,Good
3020,Standard
3021,Standard
3022,Poor
3023,Standard
3024,Standard
3025,Good
3026,Good
3027,Standard
3028,Standard
3029,Standard
3030,Standard
3031,Standard
3032,Poor
3033,Standard
3034,Good
3035,Standard
3036,Poor
3037,Good
3038,Standard
3039,Standard
3040,Standard
3041,Poor
3042,Standard
3043,Standard
3044,Good
3045,Poor
3046,Poor
3047,Poor
3048,Poor
3049,Poor
3050,Standard
3051,Good
3052,Good
3053,Standard
3054,Poor
3055,Standard
3056,Standard
3057,Standard
3058,Standard
3059,Poor
3060,Poor
3061,Standard
3062,Poor
3063,Good
3064,Standard
3065,Poor
3066,Poor
3067,Poor
3068,Poor
3069,Standard
3070,Poor
3071,Poor
3072,Standard
3073,Poor
3074,Standard
3075,Standard
3076,Poor
3077,Poor
3078,Standard
3079,Poor
3080,Good
3081,Standard
3082,Good
3083,Good
3084,Poor
3085,Standard
3086,Poor
3087,Standard
3088,Standard
3089,Standard
3090,Standard
3091,Standard
3092,Poor
3093,Good
3094,Good
3095,Poor
3096,Standard
3097,Standard
3098,Standard
3099,Standard
3100,Poor
3101,Standard
3102,Standard
3103,Standard
3104,Poor
3105,Standard
3106,Standard
3107,Poor
3108,Standard
3109,Standard
3110,Standard
3111,Good
3112,Standard
3113,Standard
3114,Good
3115,Poor
3116,Good
3117,Poor
3118,Poor
3119,Poor
3120,Standard
3121,Good
3122,Poor
3123,Standard
3124,Good
3125,Standard
3126,Poor
3127,Standard
3128,Good
3129,Standard
3130,Standard
3131,Poor
3132,Good
3133,Good
3134,Poor
3135,Poor
3136,Good
3137,Good
3138,Standard
3139,Standard
3140,Good
3141,Good
3142,Standard
3143,Good
3144,Standard
3145,Standard
3146,Good
3147,Standard
3148,Good
3149,Good
3150,Standard
3151,Good
3152,Poor
3153,Poor
3154,Poor
3155,Good
3156,Standard
3157,Standard
3158,Poor
3159,Poor
3160,Standard
3161,Poor
3162,Standard
3163,Poor
3164,Standard
3165,Good
3166,Good
3167,Poor
3168,Standard
3169,Poor
3170,Standard
3171,Standard
3172,Good
3173,Standard
3174,Standard
3175,Standard
3176,Standard
3177,Poor
3178,Good
3179,Good
3180,Good
3181,Standard
3182,Good
3183,Standard
3184,Standard
3185,Standard
3186,Standard
3187,Standard
3188,Standard
3189,Standard
3190,Good
3191,Poor
3192,Standard
3193,Standard
3194,Standard
3195,Standard
3196,Poor
3197,Poor
3198,Standard
3199,Good
3200,Poor
3201,Poor
3202,Poor
3203,Good
3204,Standard
3205,Poor
3206,Standard
3207,Standard
3208,Standard
3209,Poor
3210,Standard
3211,Poor
3212,Poor
3213,Standard
3214,Standard
3215,Good
3216,Poor
3217,Poor
3218,Poor
3219,Standard
3220,Good
3221,Poor
3222,Poor
3223,Standard
3224,Good
3225,Good
3226,Standard
3227,Standard
3228,Standard
3229,Good
3230,Standard
3231,Good
3232,Poor
3233,Good
3234,Standard
3235,Standard
3236,Poor
3237,Standard
3238,Standard
3239,Poor
3240,Standard
3241,Poor
3242,Standard
3243,Poor
3244,Poor
3245,Good
3246,Standard
3247,Standard
3248,Standard
3249,Poor
3250,Standard
3251,Standard
3252,Standard
3253,Standard
3254,Standard
3255,Poor
3256,Good
3257,Good
3258,Poor
3259,Standard
3260,Standard
3261,Standard
3262,Standard
3263,Standard
3264,Standard
3265,Good
3266,Standard
3267,Poor
3268,Poor
3269,Poor
3270,Standard
3271,Standard
3272,Poor
3273,Standard
3274,Standard
3275,Poor
3276,Standard
3277,Standard
3278,Standard
3279,Poor
3280,Poor
3281,Standard
3282,Poor
3283,Standard
3284,Standard
3285,Poor
3286,Standard
3287,Poor
3288,Poor
3289,Standard
3290,Standard
3291,Poor
3292,Standard
3293,Standard
3294,Poor
3295,Poor
3296,Standard
3297,Standard
3298,Poor
3299,Good
3300,Standard
3301,Good
3302,Standard
3303,Poor
3304,Standard
3305,Good
3306,Standard
3307,Standard
3308,Poor
3309,Standard
3310,Good
3311,Standard
3312,Good
3313,Poor
3314,Standard
3315,Standard
3316,Standard
3317,Standard
3318,Good
3319,Good
3320,Standard
3321,Standard
3322,Poor
3323,Poor
3324,Standard
3325,Standard
3326,Good
3327,Standard
3328,Standard
3329,Standard
3330,Poor
3331,Good
3332,Standard
3333,Standard
3334,Good
3335,Good
3336,Standard
3337,Good
3338,Standard
3339,Standard
3340,Good
3341,Standard
3342,Good
3343,Poor
3344,Standard
3345,Standard
3346,Standard
3347,Standard
3348,Standard
3349,Good
3350,Good
3351,Poor
3352,Poor
3353,Good
3354,Standard
3355,Poor
3356,Poor
3357,Standard
3358,Good
3359,Standard
3360,Poor
3361,Good
3362,Standard
3363,Standard
3364,Good
3365,Poor
3366,Good
3367,Poor
3368,Standard
3369,Poor
3370,Good
3371,Poor
3372,Poor
3373,Standard
3374,Standard
3375,Standard
3376,Standard
3377,Poor
3378,Poor
3379,Standard
3380,Good
3381,Good
3382,Standard
3383,Poor
3384,Good
3385,Poor
3386,Good
3387,Poor
3388,Standard
3389,Standard
3390,Standard
3391,Standard
3392,Standard
3393,Good
3394,Good
3395,Standard
3396,Standard
3397,Good
3398,Standard
3399,Standard
3400,Standard
3401,Poor
3402,Standard
3403,Standard
3404,Standard
3405,Standard
3406,Good
3407,Standard
3408,Good
3409,Standard
3410,Poor
3411,Standard
3412,Standard
3413,Standard
3414,Standard
3415,Standard
3416,Poor
3417,Good
3418,Standard
3419,Standard
3420,Poor
3421,Good
3422,Good
3423,Standard
3424,Standard
3425,Good
3426,Standard
3427,Poor
3428,Good
3429,Standard
3430,Good
3431,Standard
3432,Good
3433,Standard
3434,Good
3435,Standard
3436,Standard
3437,Poor
3438,Standard
3439,Standard
3440,Poor
3441,Standard
3442,Standard
3443,Standard
3444,Good
3445,Good
3446,Good
3447,Standard
3448,Standard
3449,Standard
3450,Poor
3451,Standard
3452,Standard
3453,Good
3454,Poor
3455,Standard
3456,Good
3457,Poor
3458,Standard
3459,Good
3460,Standard
3461,Good
3462,Standard
3463,Good
3464,Standard
3465,Poor
3466,Poor
3467,Standard
3468,Standard
3469,Standard
3470,Standard
3471,Standard
3472,Standard
3473,Standard
3474,Poor
3475,Standard
3476,Standard
3477,Poor
3478,Good
3479,Standard
3480,Poor
3481,Poor
3482,Poor
3483,Poor
3484,Good
3485,Good
3486,Standard
3487,Poor
3488,Standard
3489,Good
3490,Good
3491,Poor
3492,Standard
3493,Standard
3494,Poor
3495,Standard
3496,Poor
3497,Standard
3498,Standard
3499,Poor
3500,Standard
3501,Poor
3502,Poor
3503,Standard
3504,Poor
3505,Standard
3506,Standard
3507,Poor
3508,Standard
3509,Standard
3510,Poor
3511,Poor
3512,Poor
3513,Standard
3514,Good
3515,Standard
3516,Standard
3517,Poor
3518,Good
3519,Standard
3520,Good
3521,Standard
3522,Poor
3523,Poor
3524,Poor
3525,Standard
3526,Poor
3527,Poor
3528,Poor
3529,Standard
3530,Poor
3531,Standard
3532,Poor
3533,Standard
3534,Poor
3535,Standard
3536,Standard
3537,Poor
3538,Standard
3539,Standard
3540,Standard
3541,Poor
3542,Poor
3543,Standard
3544,Good
3545,Standard
3546,Poor
3547,Poor
3548,Standard
3549,Standard
3550,Good
3551,Good
3552,Standard
3553,Poor
3554,Poor
3555,Poor
3556,Poor
3557,Good
3558,Standard
3559,Poor
3560,Poor
3561,Standard
3562,Good
3563,Poor
3564,Poor
3565,Good
3566,Poor
3567,Standard
3568,Poor
3569,Standard
3570,Standard
3571,Standard
3572,Standard
3573,Standard
3574,Standard
3575,Standard
3576,Standard
3577,Standard
3578,Standard
3579,Standard
3580,Poor
3581,Poor
3582,Standard
3583,Standard
3584,Poor
3585,Poor
3586,Good
3587,Good
3588,Standard
3589,Good
3590,Poor
3591,Standard
3592,Good
3593,Poor
3594,Standard
3595,Poor
3596,Standard
3597,Standard
3598,Poor
3599,Standard
3600,Good
3601,Standard
3602,Standard
3603,Standard
3604,Poor
3605,Good
3606,Poor
3607,Good
3608,Poor
3609,Standard
3610,Good
3611,Poor
3612,Poor
3613,Poor
3614,Standard
3615,Standard
3616,Standard
3617,Poor
3618,Poor
3619,Standard
3620,Standard
3621,Standard
3622,Good
3623,Poor
3624,Standard
3625,Standard
3626,Poor
3627,Poor
3628,Standard
3629,Poor
3630,Standard
3631,Standard
3632,Good
3633,Good
3634,Standard
3635,Poor
3636,Standard
3637,Standard
3638,Poor
3639,Standard
3640,Standard
3641,Poor
3642,Poor
3643,Poor
3644,Standard
3645,Poor
3646,Standard
3647,Poor
3648,Poor
3649,Good
3650,Standard
3651,Poor
3652,Poor
3653,Poor
3654,Standard
3655,Poor
3656,Standard
3657,Standard
3658,Standard
3659,Standard
3660,Standard
3661,Standard
3662,Good
3663,Poor
3664,Good
3665,Standard
3666,Standard
3667,Standard
3668,Poor
3669,Standard
3670,Poor
3671,Standard
3672,Poor
3673,Standard
3674,Poor
3675,Standard
3676,Poor
3677,Poor
3678,Standard
3679,Standard
3680,Standard
3681,Standard
3682,Standard
3683,Standard
3684,Standard
3685,Standard
3686,Standard
3687,Poor
3688,Poor
3689,Good
3690,Standard
3691,Poor
3692,Poor
3693,Poor
3694,Standard
3695,Standard
3696,Good
3697,Standard
3698,Poor
3699,Standard
3700,Good
3701,Poor
3702,Standard
3703,Standard
3704,Standard
3705,Standard
3706,Good
3707,Poor
3708,Poor
3709,Poor
3710,Standard
3711,Good
3712,Standard
3713,Poor
3714,Standard
3715,Standard
3716,Standard
3717,Standard
3718,Standard
3719,Standard
3720,Good
3721,Poor
3722,Good
3723,Standard
3724,Poor
3725,Poor
3726,Standard
3727,Standard
3728,Good
3729,Standard
3730,Standard
3731,Standard
3732,Good
3733,Standard
3734,Poor
3735,Poor
3736,Standard
3737,Poor
3738,Good
3739,Standard
3740,Standard
3741,Poor
3742,Poor
3743,Good
3744,Standard
3745,Poor
3746,Poor
3747,Poor
3748,Poor
3749,Poor
3750,Good
3751,Good
3752,Good
3753,Standard
3754,Good
3755,Standard
3756,Poor
3757,Good
3758,Poor
3759,Good
3760,Standard
3761,Poor
3762,Standard
3763,Poor
3764,Standard
3765,Poor
3766,Standard
3767,Poor
3768,Poor
3769,Good
3770,Good
3771,Standard
3772,Standard
3773,Poor
3774,Standard
3775,Standard
3776,Poor
3777,Standard
3778,Good
3779,Poor
3780,Standard
3781,Standard
3782,Standard
3783,Standard
3784,Standard
3785,Standard
3786,Standard
3787,Standard
3788,Poor
3789,Standard
3790,Poor
3791,Standard
3792,Poor
3793,Poor
3794,Poor
3795,Poor
3796,Standard
3797,Poor
3798,Poor
3799,Standard
3800,Poor
3801,Standard
3802,Good
3803,Good
3804,Poor
3805,Standard
3806,Poor
3807,Standard
3808,Standard
3809,Standard
3810,Standard
3811,Poor
3812,Good
3813,Standard
3814,Poor
3815,Poor
3816,Poor
3817,Good
3818,Standard
3819,Standard
3820,Good
3821,Standard
3822,Standard
3823,Standard
3824,Poor
3825,Good
3826,Standard
3827,Poor
3828,Standard
3829,Good
3830,Poor
3831,Good
3832,Good
3833,Poor
3834,Standard
3835,Poor
3836,Poor
3837,Standard
3838,Poor
3839,Good
3840,Standard
3841,Standard
3842,Poor
3843,Standard
3844,Poor
3845,Standard
3846,Standard
3847,Good
3848,Standard
3849,Poor
3850,Poor
3851,Good
3852,Poor
3853,Good
3854,Standard
3855,Standard
3856,Standard
3857,Poor
3858,Standard
3859,Poor
3860,Poor
3861,Standard
3862,Standard
3863,Standard
3864,Standard
3865,Good
3866,Standard
3867,Good
3868,Standard
3869,Standard
3870,Good
3871,Poor
3872,Standard
3873,Poor
3874,Good
3875,Standard
3876,Standard
3877,Standard
3878,Standard
3879,Good
3880,Poor
3881,Poor
3882,Standard
3883,Standard
3884,Good
3885,Poor
3886,Standard
3887,Standard
3888,Good
3889,Good
3890,Standard
3891,Good
3892,Standard
3893,Poor
3894,Good
3895,Standard
3896,Poor
3897,Poor
3898,Good
3899,Good
3900,Standard
3901,Standard
3902,Poor
3903,Poor
3904,Standard
3905,Good
3906,Poor
3907,Standard
3908,Poor
3909,Standard
3910,Standard
3911,Poor
3912,Standard
3913,Standard
3914,Standard
3915,Standard
3916,Standard
3917,Good
3918,Good
3919,Poor
3920,Poor
3921,Good
3922,Standard
3923,Good
3924,Poor
3925,Standard
3926,Standard
3927,Standard
3928,Good
3929,Standard
3930,Standard
3931,Good
3932,Good
3933,Good
3934,Poor
3935,Standard
3936,Poor
3937,Poor
3938,Standard
3939,Poor
3940,Standard
3941,Standard
3942,Good
3943,Good
3944,Standard
3945,Standard
3946,Good
3947,Poor
3948,Good
3949,Poor
3950,Good
3951,Good
3952,Poor
3953,Standard
3954,Good
3955,Standard
3956,Standard
3957,Standard
3958,Standard
3959,Standard
3960,Standard
3961,Standard
3962,Good
3963,Good
3964,Poor
3965,Good
3966,Standard
3967,Good
3968,Poor
3969,Standard
3970,Standard
3971,Standard
3972,Standard
3973,Standard
3974,Poor
3975,Standard
3976,Poor
3977,Standard
3978,Standard
3979,Standard
3980,Standard
3981,Standard
3982,Standard
3983,Good
3984,Standard
3985,Standard
3986,Standard
3987,Poor
3988,Standard
3989,Poor
3990,Standard
3991,Poor
3992,Poor
3993,Standard
3994,Poor
3995,Poor
3996,Good
3997,Standard
3998,Standard
3999,Poor
